Employee_ID,Full_Name,Position,Hire_Date,Department,Branch_ID
8270,Employee_1,Consultant,2015-01-01,IT,103
1860,Employee_2,Manager,2015-01-08,Operations,103
6390,Employee_3,Consultant,2015-01-15,Sales,102
6191,Employee_4,Analyst,2015-01-22,HR,101
6734,Employee_5,Analyst,2015-01-29,Operations,104
7265,Employee_6,Technician,2015-02-05,Sales,103
1466,Employee_7,Clerk,2015-02-12,Finance,103
5426,Employee_8,Technician,2015-02-19,HR,101
6578,Employee_9,Consultant,2015-02-26,Sales,103
9322,Employee_10,Manager,2015-03-05,Sales,104
2685,Employee_11,Technician,2015-03-12,IT,102
1769,Employee_12,Clerk,2015-03-19,Operations,103
7949,Employee_13,Technician,2015-03-26,IT,104
3433,Employee_14,Analyst,2015-04-02,HR,103
6311,Employee_15,Consultant,2015-04-09,Sales,101
6051,Employee_16,Consultant,2015-04-16,IT,103
7420,Employee_17,Consultant,2015-04-23,Operations,103
2184,Employee_18,Consultant,2015-04-30,HR,102
5555,Employee_19,Consultant,2015-05-07,Finance,101
4385,Employee_20,Consultant,2015-05-14,IT,101
7396,Employee_21,Manager,2015-05-21,HR,102
9666,Employee_22,Clerk,2015-05-28,Finance,103
3558,Employee_23,Consultant,2015-06-04,IT,104
8849,Employee_24,Clerk,2015-06-11,HR,101
3047,Employee_25,Consultant,2015-06-18,HR,101
3747,Employee_26,Technician,2015-06-25,IT,103
1189,Employee_27,Consultant,2015-07-02,HR,103
3734,Employee_28,Analyst,2015-07-09,Sales,101
4005,Employee_29,Manager,2015-07-16,IT,103
5658,Employee_30,Technician,2015-07-23,HR,104
2899,Employee_31,Technician,2015-07-30,Finance,101
8734,Employee_32,Analyst,2015-08-06,Finance,104
2267,Employee_33,Consultant,2015-08-13,Sales,104
2528,Employee_34,Manager,2015-08-20,IT,103
4556,Employee_35,Technician,2015-08-27,HR,104
4890,Employee_36,Manager,2015-09-03,HR,103
9838,Employee_37,Technician,2015-09-10,Finance,102
6393,Employee_38,Consultant,2015-09-17,Sales,103
9792,Employee_39,Technician,2015-09-24,Finance,104
9433,Employee_40,Technician,2015-10-01,Finance,102
8513,Employee_41,Clerk,2015-10-08,Sales,103
3612,Employee_42,Consultant,2015-10-15,IT,104
8041,Employee_43,Analyst,2015-10-22,HR,101
7235,Employee_44,Analyst,2015-10-29,IT,101
6486,Employee_45,Consultant,2015-11-05,Operations,103
8099,Employee_46,Analyst,2015-11-12,Operations,103
1775,Employee_47,Consultant,2015-11-19,Operations,101
9226,Employee_48,Analyst,2015-11-26,Sales,104
4152,Employee_49,Clerk,2015-12-03,Finance,104
2585,Employee_50,Analyst,2015-12-10,IT,104
4943,Employee_51,Technician,2015-12-17,HR,103
8555,Employee_52,Consultant,2015-12-24,Operations,102
4073,Employee_53,Manager,2015-12-31,IT,102
2021,Employee_54,Manager,2016-01-07,Operations,102
4843,Employee_55,Consultant,2016-01-14,Operations,102
8989,Employee_56,Clerk,2016-01-21,HR,102
7873,Employee_57,Analyst,2016-01-28,Sales,103
6675,Employee_58,Clerk,2016-02-04,Finance,103
1161,Employee_59,Manager,2016-02-11,Sales,102
5297,Employee_60,Consultant,2016-02-18,IT,103
1995,Employee_61,Consultant,2016-02-25,Sales,103
8629,Employee_62,Clerk,2016-03-03,IT,102
2016,Employee_63,Clerk,2016-03-10,IT,104
8869,Employee_64,Analyst,2016-03-17,Finance,103
7439,Employee_65,Technician,2016-03-24,HR,104
8892,Employee_66,Technician,2016-03-31,Finance,103
7863,Employee_67,Analyst,2016-04-07,Sales,103
8916,Employee_68,Technician,2016-04-14,IT,102
9529,Employee_69,Manager,2016-04-21,Operations,103
1878,Employee_70,Technician,2016-04-28,Operations,101
5887,Employee_71,Analyst,2016-05-05,IT,101
5859,Employee_72,Technician,2016-05-12,Finance,102
7331,Employee_73,Consultant,2016-05-19,HR,104
9571,Employee_74,Clerk,2016-05-26,Finance,104
9684,Employee_75,Manager,2016-06-02,IT,104
8208,Employee_76,Consultant,2016-06-09,IT,101
6276,Employee_77,Consultant,2016-06-16,HR,104
3062,Employee_78,Analyst,2016-06-23,Sales,104
1064,Employee_79,Clerk,2016-06-30,Sales,102
9006,Employee_80,Clerk,2016-07-07,HR,104
3568,Employee_81,Manager,2016-07-14,Sales,101
6463,Employee_82,Analyst,2016-07-21,Operations,101
3027,Employee_83,Manager,2016-07-28,Sales,101
3695,Employee_84,Technician,2016-08-04,Sales,102
6258,Employee_85,Consultant,2016-08-11,Sales,102
6618,Employee_86,Manager,2016-08-18,Operations,103
7736,Employee_87,Consultant,2016-08-25,Sales,104
1391,Employee_88,Analyst,2016-09-01,Operations,102
6892,Employee_89,Technician,2016-09-08,HR,101
4561,Employee_90,Analyst,2016-09-15,Finance,101
7184,Employee_91,Technician,2016-09-22,HR,102
4099,Employee_92,Technician,2016-09-29,Finance,102
7278,Employee_93,Consultant,2016-10-06,HR,102
9392,Employee_94,Analyst,2016-10-13,Finance,103
4104,Employee_95,Analyst,2016-10-20,Finance,101
8215,Employee_96,Manager,2016-10-27,IT,103
3454,Employee_97,Analyst,2016-11-03,Finance,103
9996,Employee_98,Manager,2016-11-10,Finance,104
3731,Employee_99,Clerk,2016-11-17,IT,101
9154,Employee_100,Clerk,2016-11-24,Sales,101
6056,Employee_101,Clerk,2016-12-01,Sales,102
9110,Employee_102,Analyst,2016-12-08,IT,102
4840,Employee_103,Analyst,2016-12-15,Operations,104
2028,Employee_104,Manager,2016-12-22,Finance,103
8385,Employee_105,Technician,2016-12-29,Finance,102
1502,Employee_106,Manager,2017-01-05,IT,102
7910,Employee_107,Clerk,2017-01-12,IT,101
7938,Employee_108,Manager,2017-01-19,Operations,101
5488,Employee_109,Technician,2017-01-26,Sales,102
1206,Employee_110,Analyst,2017-02-02,HR,101
6134,Employee_111,Manager,2017-02-09,Sales,104
6977,Employee_112,Clerk,2017-02-16,Finance,102
8721,Employee_113,Clerk,2017-02-23,IT,101
8035,Employee_114,Analyst,2017-03-02,Operations,104
2484,Employee_115,Manager,2017-03-09,Sales,101
8858,Employee_116,Technician,2017-03-16,Operations,101
1863,Employee_117,Analyst,2017-03-23,Sales,101
3790,Employee_118,Manager,2017-03-30,Finance,102
8408,Employee_119,Consultant,2017-04-06,HR,103
9755,Employee_120,Clerk,2017-04-13,Operations,101
6116,Employee_121,Technician,2017-04-20,Operations,104
7019,Employee_122,Technician,2017-04-27,HR,102
2757,Employee_123,Technician,2017-05-04,Operations,102
8574,Employee_124,Clerk,2017-05-11,Operations,104
7374,Employee_125,Manager,2017-05-18,Sales,101
7892,Employee_126,Analyst,2017-05-25,Sales,103
2678,Employee_127,Manager,2017-06-01,HR,101
4242,Employee_128,Analyst,2017-06-08,Finance,104
5636,Employee_129,Technician,2017-06-15,Operations,102
2059,Employee_130,Manager,2017-06-22,Finance,103
7668,Employee_131,Technician,2017-06-29,HR,102
4157,Employee_132,Consultant,2017-07-06,HR,104
6915,Employee_133,Technician,2017-07-13,Sales,101
3693,Employee_134,Technician,2017-07-20,Operations,103
4627,Employee_135,Analyst,2017-07-27,IT,102
6450,Employee_136,Consultant,2017-08-03,HR,102
2663,Employee_137,Technician,2017-08-10,Operations,102
6592,Employee_138,Technician,2017-08-17,Finance,101
8392,Employee_139,Consultant,2017-08-24,Sales,103
2306,Employee_140,Consultant,2017-08-31,Finance,101
7776,Employee_141,Manager,2017-09-07,HR,101
6864,Employee_142,Analyst,2017-09-14,HR,101
8526,Employee_143,Consultant,2017-09-21,Finance,104
9901,Employee_144,Consultant,2017-09-28,HR,104
6575,Employee_145,Clerk,2017-10-05,Operations,104
6530,Employee_146,Consultant,2017-10-12,HR,103
5413,Employee_147,Analyst,2017-10-19,Sales,101
4748,Employee_148,Technician,2017-10-26,Operations,101
1663,Employee_149,Technician,2017-11-02,IT,104
2998,Employee_150,Technician,2017-11-09,HR,101
8994,Employee_151,Technician,2017-11-16,HR,101
2495,Employee_152,Clerk,2017-11-23,Sales,102
4304,Employee_153,Consultant,2017-11-30,Sales,101
4763,Employee_154,Technician,2017-12-07,Finance,102
6232,Employee_155,Manager,2017-12-14,Finance,101
2853,Employee_156,Technician,2017-12-21,Finance,103
7585,Employee_157,Consultant,2017-12-28,Sales,104
2291,Employee_158,Technician,2018-01-04,Finance,102
4581,Employee_159,Clerk,2018-01-11,Finance,104
8554,Employee_160,Analyst,2018-01-18,IT,102
8280,Employee_161,Analyst,2018-01-25,Finance,102
2636,Employee_162,Consultant,2018-02-01,HR,102
4696,Employee_163,Analyst,2018-02-08,Sales,103
1698,Employee_164,Analyst,2018-02-15,Operations,101
5737,Employee_165,Manager,2018-02-22,IT,102
1854,Employee_166,Consultant,2018-03-01,Sales,103
9164,Employee_167,Consultant,2018-03-08,Sales,102
6855,Employee_168,Analyst,2018-03-15,HR,101
8392,Employee_169,Analyst,2018-03-22,Finance,102
7528,Employee_170,Analyst,2018-03-29,HR,103
6249,Employee_171,Clerk,2018-04-05,Finance,101
6172,Employee_172,Technician,2018-04-12,Finance,103
2707,Employee_173,Clerk,2018-04-19,Sales,101
6791,Employee_174,Consultant,2018-04-26,Finance,101
6535,Employee_175,Manager,2018-05-03,IT,104
5931,Employee_176,Technician,2018-05-10,IT,104
4510,Employee_177,Manager,2018-05-17,IT,104
1202,Employee_178,Consultant,2018-05-24,Sales,101
5218,Employee_179,Consultant,2018-05-31,HR,102
9958,Employee_180,Manager,2018-06-07,Operations,103
5389,Employee_181,Manager,2018-06-14,Finance,103
3327,Employee_182,Manager,2018-06-21,Operations,103
9004,Employee_183,Consultant,2018-06-28,HR,104
3931,Employee_184,Analyst,2018-07-05,HR,101
8777,Employee_185,Manager,2018-07-12,Sales,104
1197,Employee_186,Technician,2018-07-19,IT,102
8125,Employee_187,Consultant,2018-07-26,IT,101
2930,Employee_188,Clerk,2018-08-02,HR,103
7287,Employee_189,Clerk,2018-08-09,Sales,104
9800,Employee_190,Technician,2018-08-16,Sales,104
5282,Employee_191,Analyst,2018-08-23,Finance,102
3511,Employee_192,Manager,2018-08-30,IT,102
1659,Employee_193,Consultant,2018-09-06,HR,104
3811,Employee_194,Manager,2018-09-13,Operations,102
8098,Employee_195,Consultant,2018-09-20,IT,103
7546,Employee_196,Clerk,2018-09-27,Finance,102
2986,Employee_197,Manager,2018-10-04,Sales,102
9338,Employee_198,Technician,2018-10-11,HR,104
3911,Employee_199,Analyst,2018-10-18,IT,104
2734,Employee_200,Technician,2018-10-25,Operations,101
2843,Employee_201,Analyst,2018-11-01,Finance,101
9680,Employee_202,Manager,2018-11-08,Finance,104
3976,Employee_203,Manager,2018-11-15,IT,102
2959,Employee_204,Analyst,2018-11-22,Operations,102
6759,Employee_205,Clerk,2018-11-29,Finance,101
7694,Employee_206,Consultant,2018-12-06,HR,101
3385,Employee_207,Technician,2018-12-13,Finance,101
5736,Employee_208,Technician,2018-12-20,Operations,103
2802,Employee_209,Technician,2018-12-27,Sales,103
9155,Employee_210,Manager,2019-01-03,Sales,101
9120,Employee_211,Technician,2019-01-10,IT,102
7616,Employee_212,Consultant,2019-01-17,Operations,101
6534,Employee_213,Consultant,2019-01-24,Finance,103
5061,Employee_214,Analyst,2019-01-31,Finance,102
1262,Employee_215,Manager,2019-02-07,Sales,103
7287,Employee_216,Consultant,2019-02-14,Sales,102
9815,Employee_217,Clerk,2019-02-21,HR,103
3049,Employee_218,Manager,2019-02-28,Sales,102
6423,Employee_219,Manager,2019-03-07,HR,102
5548,Employee_220,Consultant,2019-03-14,Finance,102
4108,Employee_221,Clerk,2019-03-21,HR,102
8158,Employee_222,Analyst,2019-03-28,HR,104
8400,Employee_223,Consultant,2019-04-04,IT,103
4170,Employee_224,Clerk,2019-04-11,Sales,103
3255,Employee_225,Manager,2019-04-18,HR,104
2154,Employee_226,Clerk,2019-04-25,Finance,102
5499,Employee_227,Manager,2019-05-02,Operations,102
7295,Employee_228,Consultant,2019-05-09,HR,103
7197,Employee_229,Consultant,2019-05-16,Sales,104
2648,Employee_230,Technician,2019-05-23,IT,102
6539,Employee_231,Technician,2019-05-30,Finance,102
5199,Employee_232,Technician,2019-06-06,IT,102
9445,Employee_233,Consultant,2019-06-13,Operations,101
3557,Employee_234,Analyst,2019-06-20,HR,104
6592,Employee_235,Consultant,2019-06-27,HR,102
1098,Employee_236,Clerk,2019-07-04,Sales,101
3200,Employee_237,Consultant,2019-07-11,HR,104
3961,Employee_238,Consultant,2019-07-18,Finance,102
5973,Employee_239,Manager,2019-07-25,Operations,103
5433,Employee_240,Manager,2019-08-01,IT,101
3869,Employee_241,Manager,2019-08-08,Operations,101
1956,Employee_242,Consultant,2019-08-15,HR,102
9352,Employee_243,Analyst,2019-08-22,IT,102
6699,Employee_244,Clerk,2019-08-29,Sales,101
7944,Employee_245,Clerk,2019-09-05,Operations,103
5493,Employee_246,Analyst,2019-09-12,IT,103
5911,Employee_247,Analyst,2019-09-19,IT,104
4987,Employee_248,Clerk,2019-09-26,IT,102
7015,Employee_249,Technician,2019-10-03,Finance,103
2218,Employee_250,Manager,2019-10-10,Operations,104
5496,Employee_251,Manager,2019-10-17,IT,103
5735,Employee_252,Clerk,2019-10-24,Operations,102
5555,Employee_253,Analyst,2019-10-31,IT,104
9050,Employee_254,Technician,2019-11-07,Sales,104
4446,Employee_255,Clerk,2019-11-14,Sales,104
2045,Employee_256,Manager,2019-11-21,Sales,103
7893,Employee_257,Consultant,2019-11-28,HR,102
2693,Employee_258,Analyst,2019-12-05,IT,104
4436,Employee_259,Consultant,2019-12-12,HR,101
9754,Employee_260,Clerk,2019-12-19,Operations,102
6895,Employee_261,Manager,2019-12-26,HR,101
4354,Employee_262,Technician,2020-01-02,Operations,101
1225,Employee_263,Consultant,2020-01-09,Operations,104
5893,Employee_264,Technician,2020-01-16,Operations,104
8022,Employee_265,Manager,2020-01-23,HR,103
6600,Employee_266,Consultant,2020-01-30,IT,103
8996,Employee_267,Technician,2020-02-06,HR,103
8683,Employee_268,Technician,2020-02-13,IT,102
5642,Employee_269,Consultant,2020-02-20,IT,103
8679,Employee_270,Manager,2020-02-27,Operations,101
9208,Employee_271,Technician,2020-03-05,HR,103
8339,Employee_272,Clerk,2020-03-12,IT,104
3205,Employee_273,Consultant,2020-03-19,Sales,103
2069,Employee_274,Analyst,2020-03-26,IT,102
4444,Employee_275,Analyst,2020-04-02,Sales,102
2060,Employee_276,Manager,2020-04-09,HR,101
3327,Employee_277,Clerk,2020-04-16,HR,102
4420,Employee_278,Technician,2020-04-23,HR,103
1301,Employee_279,Analyst,2020-04-30,IT,104
1606,Employee_280,Manager,2020-05-07,Finance,102
4170,Employee_281,Clerk,2020-05-14,IT,101
1699,Employee_282,Clerk,2020-05-21,IT,103
6088,Employee_283,Manager,2020-05-28,Operations,101
1190,Employee_284,Manager,2020-06-04,Operations,102
1980,Employee_285,Technician,2020-06-11,IT,102
3975,Employee_286,Manager,2020-06-18,Sales,101
7102,Employee_287,Technician,2020-06-25,Operations,103
2184,Employee_288,Technician,2020-07-02,IT,102
4327,Employee_289,Consultant,2020-07-09,Finance,104
4394,Employee_290,Clerk,2020-07-16,Sales,102
9319,Employee_291,Clerk,2020-07-23,HR,103
2816,Employee_292,Clerk,2020-07-30,IT,102
6854,Employee_293,Consultant,2020-08-06,IT,101
7709,Employee_294,Technician,2020-08-13,Sales,102
1569,Employee_295,Technician,2020-08-20,Operations,102
6442,Employee_296,Manager,2020-08-27,Operations,103
2895,Employee_297,Consultant,2020-09-03,Operations,101
3733,Employee_298,Manager,2020-09-10,HR,103
4863,Employee_299,Consultant,2020-09-17,Sales,102
8455,Employee_300,Manager,2020-09-24,Sales,104
5014,Employee_301,Analyst,2020-10-01,Operations,102
2686,Employee_302,Clerk,2020-10-08,Operations,103
4009,Employee_303,Clerk,2020-10-15,Finance,104
8806,Employee_304,Technician,2020-10-22,Finance,103
1154,Employee_305,Analyst,2020-10-29,IT,103
2409,Employee_306,Clerk,2020-11-05,IT,101
1784,Employee_307,Technician,2020-11-12,Sales,104
9096,Employee_308,Analyst,2020-11-19,Sales,102
8560,Employee_309,Clerk,2020-11-26,HR,103
8343,Employee_310,Manager,2020-12-03,HR,102
8206,Employee_311,Consultant,2020-12-10,Finance,101
6596,Employee_312,Analyst,2020-12-17,IT,101
6801,Employee_313,Technician,2020-12-24,Finance,104
3806,Employee_314,Analyst,2020-12-31,Finance,101
1537,Employee_315,Technician,2021-01-07,IT,101
6986,Employee_316,Analyst,2021-01-14,HR,102
2841,Employee_317,Technician,2021-01-21,IT,101
9716,Employee_318,Clerk,2021-01-28,Operations,101
7971,Employee_319,Manager,2021-02-04,Operations,103
6625,Employee_320,Clerk,2021-02-11,Operations,101
3950,Employee_321,Manager,2021-02-18,Sales,103
8992,Employee_322,Clerk,2021-02-25,HR,101
5780,Employee_323,Clerk,2021-03-04,HR,101
3368,Employee_324,Analyst,2021-03-11,Sales,104
7655,Employee_325,Consultant,2021-03-18,Finance,104
9173,Employee_326,Technician,2021-03-25,Operations,103
5495,Employee_327,Technician,2021-04-01,Operations,101
7002,Employee_328,Technician,2021-04-08,Finance,102
7614,Employee_329,Manager,2021-04-15,IT,104
6919,Employee_330,Technician,2021-04-22,IT,102
1853,Employee_331,Technician,2021-04-29,HR,104
5146,Employee_332,Analyst,2021-05-06,Sales,104
4769,Employee_333,Clerk,2021-05-13,HR,101
1574,Employee_334,Technician,2021-05-20,IT,104
2148,Employee_335,Consultant,2021-05-27,Finance,102
7293,Employee_336,Technician,2021-06-03,HR,104
7457,Employee_337,Manager,2021-06-10,Operations,103
8509,Employee_338,Manager,2021-06-17,Operations,101
5777,Employee_339,Manager,2021-06-24,Finance,101
4854,Employee_340,Technician,2021-07-01,IT,103
3491,Employee_341,Analyst,2021-07-08,Operations,103
4124,Employee_342,Consultant,2021-07-15,Operations,103
6691,Employee_343,Technician,2021-07-22,Sales,104
4051,Employee_344,Analyst,2021-07-29,HR,101
1004,Employee_345,Analyst,2021-08-05,IT,103
6222,Employee_346,Technician,2021-08-12,HR,104
6315,Employee_347,Technician,2021-08-19,IT,103
5869,Employee_348,Analyst,2021-08-26,Operations,102
1876,Employee_349,Analyst,2021-09-02,Sales,102
8027,Employee_350,Analyst,2021-09-09,HR,101
5142,Employee_351,Technician,2021-09-16,Operations,104
7966,Employee_352,Analyst,2021-09-23,IT,102
8079,Employee_353,Manager,2021-09-30,HR,102
8987,Employee_354,Technician,2021-10-07,HR,104
7799,Employee_355,Manager,2021-10-14,Operations,103
5465,Employee_356,Clerk,2021-10-21,HR,104
1635,Employee_357,Technician,2021-10-28,Sales,103
2693,Employee_358,Clerk,2021-11-04,Sales,102
5752,Employee_359,Analyst,2021-11-11,Operations,102
9311,Employee_360,Analyst,2021-11-18,IT,102
1830,Employee_361,Consultant,2021-11-25,Operations,101
6177,Employee_362,Analyst,2021-12-02,Sales,101
9932,Employee_363,Clerk,2021-12-09,Finance,101
9308,Employee_364,Analyst,2021-12-16,Finance,104
6949,Employee_365,Technician,2021-12-23,HR,102
3838,Employee_366,Analyst,2021-12-30,HR,102
2150,Employee_367,Consultant,2022-01-06,Finance,104
8560,Employee_368,Analyst,2022-01-13,Sales,101
2931,Employee_369,Clerk,2022-01-20,HR,104
2664,Employee_370,Clerk,2022-01-27,Operations,101
2081,Employee_371,Analyst,2022-02-03,Operations,102
1512,Employee_372,Clerk,2022-02-10,Sales,103
8805,Employee_373,Clerk,2022-02-17,HR,101
6237,Employee_374,Consultant,2022-02-24,Operations,102
1559,Employee_375,Technician,2022-03-03,HR,102
4672,Employee_376,Consultant,2022-03-10,HR,103
8404,Employee_377,Manager,2022-03-17,Operations,102
4343,Employee_378,Consultant,2022-03-24,Finance,102
5070,Employee_379,Analyst,2022-03-31,Operations,101
1580,Employee_380,Technician,2022-04-07,Sales,101
8004,Employee_381,Analyst,2022-04-14,IT,103
9130,Employee_382,Manager,2022-04-21,Operations,103
4147,Employee_383,Technician,2022-04-28,HR,102
5249,Employee_384,Clerk,2022-05-05,HR,101
2679,Employee_385,Consultant,2022-05-12,Operations,103
4506,Employee_386,Analyst,2022-05-19,IT,103
8253,Employee_387,Manager,2022-05-26,Operations,104
3744,Employee_388,Clerk,2022-06-02,IT,103
6188,Employee_389,Consultant,2022-06-09,IT,102
3141,Employee_390,Clerk,2022-06-16,Sales,101
7617,Employee_391,Consultant,2022-06-23,HR,103
3479,Employee_392,Technician,2022-06-30,HR,104
7484,Employee_393,Clerk,2022-07-07,IT,101
8421,Employee_394,Clerk,2022-07-14,HR,103
5452,Employee_395,Clerk,2022-07-21,Finance,104
6881,Employee_396,Technician,2022-07-28,IT,103
7665,Employee_397,Manager,2022-08-04,HR,101
3849,Employee_398,Consultant,2022-08-11,Finance,101
8390,Employee_399,Clerk,2022-08-18,Sales,101
7905,Employee_400,Technician,2022-08-25,HR,102
3489,Employee_401,Manager,2022-09-01,Finance,103
5611,Employee_402,Consultant,2022-09-08,Operations,102
3839,Employee_403,Technician,2022-09-15,Operations,101
9527,Employee_404,Consultant,2022-09-22,Finance,104
6878,Employee_405,Clerk,2022-09-29,IT,103
7303,Employee_406,Manager,2022-10-06,IT,102
1851,Employee_407,Technician,2022-10-13,HR,103
2687,Employee_408,Manager,2022-10-20,Operations,104
7833,Employee_409,Clerk,2022-10-27,IT,102
3427,Employee_410,Manager,2022-11-03,IT,101
5000,Employee_411,Manager,2022-11-10,Operations,102
6052,Employee_412,Analyst,2022-11-17,Sales,103
3738,Employee_413,Manager,2022-11-24,IT,103
6732,Employee_414,Consultant,2022-12-01,Finance,103
6387,Employee_415,Technician,2022-12-08,HR,103
9002,Employee_416,Analyst,2022-12-15,IT,101
6536,Employee_417,Technician,2022-12-22,IT,102
4913,Employee_418,Technician,2022-12-29,Sales,101
2066,Employee_419,Clerk,2023-01-05,Finance,101
8723,Employee_420,Clerk,2023-01-12,HR,101
5380,Employee_421,Analyst,2023-01-19,IT,103
5107,Employee_422,Clerk,2023-01-26,HR,103
6726,Employee_423,Clerk,2023-02-02,Operations,103
4373,Employee_424,Clerk,2023-02-09,IT,102
9945,Employee_425,Technician,2023-02-16,IT,104
3082,Employee_426,Analyst,2023-02-23,Operations,103
9967,Employee_427,Technician,2023-03-02,Sales,102
7748,Employee_428,Consultant,2023-03-09,IT,103
1417,Employee_429,Technician,2023-03-16,HR,103
9306,Employee_430,Consultant,2023-03-23,Finance,101
9808,Employee_431,Manager,2023-03-30,HR,101
4974,Employee_432,Manager,2023-04-06,Sales,101
4267,Employee_433,Consultant,2023-04-13,Finance,102
1825,Employee_434,Consultant,2023-04-20,HR,104
8668,Employee_435,Technician,2023-04-27,HR,104
6745,Employee_436,Consultant,2023-05-04,Operations,102
1412,Employee_437,Analyst,2023-05-11,Sales,103
8543,Employee_438,Manager,2023-05-18,Operations,102
8587,Employee_439,Manager,2023-05-25,Finance,103
1728,Employee_440,Consultant,2023-06-01,Operations,102
8164,Employee_441,Clerk,2023-06-08,Sales,102
9867,Employee_442,Clerk,2023-06-15,IT,102
6988,Employee_443,Consultant,2023-06-22,IT,104
3504,Employee_444,Analyst,2023-06-29,Finance,101
3967,Employee_445,Clerk,2023-07-06,IT,102
3786,Employee_446,Consultant,2023-07-13,Operations,104
2122,Employee_447,Analyst,2023-07-20,Finance,101
5079,Employee_448,Analyst,2023-07-27,Sales,101
2571,Employee_449,Technician,2023-08-03,Finance,102
6073,Employee_450,Analyst,2023-08-10,Finance,103
6104,Employee_451,Clerk,2023-08-17,HR,103
3143,Employee_452,Clerk,2023-08-24,HR,103
7806,Employee_453,Consultant,2023-08-31,Finance,102
8357,Employee_454,Consultant,2023-09-07,IT,103
4440,Employee_455,Analyst,2023-09-14,HR,104
4766,Employee_456,Manager,2023-09-21,Sales,104
6644,Employee_457,Technician,2023-09-28,Operations,104
3914,Employee_458,Manager,2023-10-05,HR,104
5968,Employee_459,Analyst,2023-10-12,Finance,101
6917,Employee_460,Analyst,2023-10-19,IT,104
9787,Employee_461,Manager,2023-10-26,Operations,103
1728,Employee_462,Technician,2023-11-02,HR,102
2365,Employee_463,Manager,2023-11-09,IT,103
5492,Employee_464,Consultant,2023-11-16,IT,104
1698,Employee_465,Clerk,2023-11-23,IT,101
8186,Employee_466,Consultant,2023-11-30,Finance,104
1395,Employee_467,Clerk,2023-12-07,Sales,102
8400,Employee_468,Analyst,2023-12-14,IT,103
9082,Employee_469,Technician,2023-12-21,Operations,102
5171,Employee_470,Manager,2023-12-28,HR,102
5360,Employee_471,Technician,2024-01-04,Operations,102
3502,Employee_472,Manager,2024-01-11,Finance,103
1717,Employee_473,Consultant,2024-01-18,Finance,104
3782,Employee_474,Consultant,2024-01-25,Operations,102
5946,Employee_475,Manager,2024-02-01,Sales,103
6486,Employee_476,Technician,2024-02-08,Finance,101
9335,Employee_477,Manager,2024-02-15,Finance,103
5980,Employee_478,Analyst,2024-02-22,Operations,101
8266,Employee_479,Consultant,2024-02-29,Finance,103
5491,Employee_480,Analyst,2024-03-07,Sales,104
8192,Employee_481,Consultant,2024-03-14,Sales,102
6588,Employee_482,Consultant,2024-03-21,Sales,104
8651,Employee_483,Clerk,2024-03-28,HR,103
4636,Employee_484,Analyst,2024-04-04,Sales,102
2167,Employee_485,Analyst,2024-04-11,Sales,101
2062,Employee_486,Clerk,2024-04-18,HR,103
3156,Employee_487,Technician,2024-04-25,IT,102
8860,Employee_488,Analyst,2024-05-02,Finance,101
6161,Employee_489,Manager,2024-05-09,Sales,101
6305,Employee_490,Clerk,2024-05-16,Finance,104
7541,Employee_491,Analyst,2024-05-23,Operations,103
5729,Employee_492,Technician,2024-05-30,Finance,101
8330,Employee_493,Analyst,2024-06-06,HR,102
6334,Employee_494,Consultant,2024-06-13,Finance,101
9924,Employee_495,Manager,2024-06-20,Finance,101
5330,Employee_496,Clerk,2024-06-27,Finance,104
9010,Employee_497,Consultant,2024-07-04,IT,104
7801,Employee_498,Technician,2024-07-11,IT,102
5846,Employee_499,Consultant,2024-07-18,Operations,104
7731,Employee_500,Consultant,2024-07-25,HR,101
8241,Employee_501,Technician,2024-08-01,Finance,101
1953,Employee_502,Consultant,2024-08-08,Finance,104
3539,Employee_503,Clerk,2024-08-15,Finance,101
8056,Employee_504,Analyst,2024-08-22,Finance,101
2542,Employee_505,Consultant,2024-08-29,IT,102
6293,Employee_506,Clerk,2024-09-05,Operations,104
2191,Employee_507,Analyst,2024-09-12,Sales,101
7313,Employee_508,Analyst,2024-09-19,HR,104
7938,Employee_509,Consultant,2024-09-26,Finance,102
3681,Employee_510,Clerk,2024-10-03,Operations,104
2540,Employee_511,Consultant,2024-10-10,Sales,101
7172,Employee_512,Technician,2024-10-17,Operations,104
6541,Employee_513,Analyst,2024-10-24,IT,101
2365,Employee_514,Consultant,2024-10-31,Sales,101
9691,Employee_515,Analyst,2024-11-07,Operations,101
9702,Employee_516,Clerk,2024-11-14,IT,102
8494,Employee_517,Manager,2024-11-21,Operations,104
5312,Employee_518,Consultant,2024-11-28,Operations,102
2324,Employee_519,Consultant,2024-12-05,Sales,104
4141,Employee_520,Analyst,2024-12-12,IT,102
8419,Employee_521,Clerk,2024-12-19,Finance,103
4486,Employee_522,Technician,2024-12-26,HR,101
2810,Employee_523,Clerk,2025-01-02,Sales,101
7588,Employee_524,Consultant,2025-01-09,IT,102
3923,Employee_525,Technician,2025-01-16,Operations,103
6301,Employee_526,Clerk,2025-01-23,IT,101
5186,Employee_527,Manager,2025-01-30,HR,104
9905,Employee_528,Analyst,2025-02-06,HR,102
6977,Employee_529,Clerk,2025-02-13,Finance,101
5268,Employee_530,Clerk,2025-02-20,Finance,101
5748,Employee_531,Manager,2025-02-27,HR,102
5849,Employee_532,Consultant,2025-03-06,Sales,102
4709,Employee_533,Analyst,2025-03-13,Sales,104
7619,Employee_534,Clerk,2025-03-20,Operations,104
9647,Employee_535,Technician,2025-03-27,Finance,101
4072,Employee_536,Clerk,2025-04-03,Operations,101
7530,Employee_537,Analyst,2025-04-10,Finance,102
1504,Employee_538,Clerk,2025-04-17,HR,101
2214,Employee_539,Manager,2025-04-24,Sales,101
2531,Employee_540,Clerk,2025-05-01,Sales,102
8576,Employee_541,Clerk,2025-05-08,HR,101
1823,Employee_542,Technician,2025-05-15,Operations,101
1928,Employee_543,Manager,2025-05-22,Operations,103
6029,Employee_544,Manager,2025-05-29,IT,104
1133,Employee_545,Clerk,2025-06-05,Finance,102
3105,Employee_546,Technician,2025-06-12,Operations,103
4627,Employee_547,Clerk,2025-06-19,HR,104
7316,Employee_548,Clerk,2025-06-26,Operations,104
2852,Employee_549,Analyst,2025-07-03,Sales,104
5910,Employee_550,Analyst,2025-07-10,Finance,103
5175,Employee_551,Technician,2025-07-17,IT,103
6348,Employee_552,Consultant,2025-07-24,Finance,104
7190,Employee_553,Analyst,2025-07-31,Sales,101
2256,Employee_554,Consultant,2025-08-07,Sales,101
4376,Employee_555,Manager,2025-08-14,Sales,103
6645,Employee_556,Analyst,2025-08-21,Sales,103
4486,Employee_557,Analyst,2025-08-28,HR,103
4584,Employee_558,Technician,2025-09-04,IT,104
9053,Employee_559,Consultant,2025-09-11,Sales,101
4330,Employee_560,Analyst,2025-09-18,Sales,103
3703,Employee_561,Analyst,2025-09-25,Operations,103
9662,Employee_562,Technician,2025-10-02,IT,102
9120,Employee_563,Technician,2025-10-09,Finance,104
8114,Employee_564,Consultant,2025-10-16,IT,102
2353,Employee_565,Manager,2025-10-23,IT,101
6063,Employee_566,Manager,2025-10-30,IT,102
9549,Employee_567,Clerk,2025-11-06,Sales,102
8575,Employee_568,Analyst,2025-11-13,Sales,102
1667,Employee_569,Consultant,2025-11-20,HR,104
5468,Employee_570,Analyst,2025-11-27,Finance,101
7819,Employee_571,Consultant,2025-12-04,Operations,102
4719,Employee_572,Consultant,2025-12-11,IT,104
3745,Employee_573,Consultant,2025-12-18,Finance,101
8483,Employee_574,Analyst,2025-12-25,Finance,103
1539,Employee_575,Technician,2026-01-01,HR,102
5964,Employee_576,Analyst,2026-01-08,Operations,101
5835,Employee_577,Consultant,2026-01-15,IT,102
4775,Employee_578,Clerk,2026-01-22,Operations,103
7042,Employee_579,Manager,2026-01-29,HR,101
8102,Employee_580,Consultant,2026-02-05,Sales,104
8312,Employee_581,Clerk,2026-02-12,Finance,101
6320,Employee_582,Technician,2026-02-19,IT,104
7132,Employee_583,Consultant,2026-02-26,Sales,101
8891,Employee_584,Clerk,2026-03-05,HR,104
3779,Employee_585,Consultant,2026-03-12,Operations,103
1924,Employee_586,Analyst,2026-03-19,Finance,103
2581,Employee_587,Clerk,2026-03-26,IT,103
8714,Employee_588,Analyst,2026-04-02,Sales,101
4324,Employee_589,Analyst,2026-04-09,Sales,103
6713,Employee_590,Clerk,2026-04-16,Finance,102
8026,Employee_591,Manager,2026-04-23,Operations,103
1255,Employee_592,Clerk,2026-04-30,HR,104
5804,Employee_593,Manager,2026-05-07,Operations,104
2838,Employee_594,Consultant,2026-05-14,Operations,104
1009,Employee_595,Consultant,2026-05-21,Operations,101
3871,Employee_596,Clerk,2026-05-28,Finance,102
9989,Employee_597,Consultant,2026-06-04,Finance,103
8409,Employee_598,Technician,2026-06-11,HR,102
8418,Employee_599,Analyst,2026-06-18,Operations,102
6124,Employee_600,Analyst,2026-06-25,Finance,104
2015,Employee_601,Manager,2026-07-02,HR,104
3193,Employee_602,Consultant,2026-07-09,HR,104
9415,Employee_603,Manager,2026-07-16,Operations,101
8449,Employee_604,Analyst,2026-07-23,IT,102
5158,Employee_605,Analyst,2026-07-30,Operations,102
4925,Employee_606,Consultant,2026-08-06,IT,101
7970,Employee_607,Technician,2026-08-13,HR,101
7938,Employee_608,Technician,2026-08-20,Finance,101
5784,Employee_609,Consultant,2026-08-27,Sales,102
5000,Employee_610,Consultant,2026-09-03,HR,102
2633,Employee_611,Manager,2026-09-10,Finance,104
8266,Employee_612,Consultant,2026-09-17,HR,104
9702,Employee_613,Technician,2026-09-24,Operations,102
1384,Employee_614,Consultant,2026-10-01,IT,104
1404,Employee_615,Manager,2026-10-08,HR,101
9175,Employee_616,Manager,2026-10-15,Finance,103
3000,Employee_617,Manager,2026-10-22,Operations,104
6989,Employee_618,Manager,2026-10-29,Sales,102
2460,Employee_619,Clerk,2026-11-05,Operations,104
8190,Employee_620,Consultant,2026-11-12,IT,104
8140,Employee_621,Analyst,2026-11-19,Operations,104
4636,Employee_622,Consultant,2026-11-26,Sales,103
5809,Employee_623,Clerk,2026-12-03,Finance,101
5178,Employee_624,Manager,2026-12-10,HR,102
8245,Employee_625,Clerk,2026-12-17,IT,103
7600,Employee_626,Technician,2026-12-24,Sales,102
6997,Employee_627,Technician,2026-12-31,IT,102
3048,Employee_628,Consultant,2027-01-07,Operations,102
5780,Employee_629,Consultant,2027-01-14,IT,103
1716,Employee_630,Analyst,2027-01-21,Sales,101
8939,Employee_631,Analyst,2027-01-28,HR,102
6565,Employee_632,Technician,2027-02-04,HR,101
5544,Employee_633,Manager,2027-02-11,IT,101
5976,Employee_634,Clerk,2027-02-18,Finance,104
4419,Employee_635,Analyst,2027-02-25,IT,103
8239,Employee_636,Analyst,2027-03-04,Operations,103
1249,Employee_637,Manager,2027-03-11,HR,104
9865,Employee_638,Manager,2027-03-18,HR,104
1770,Employee_639,Consultant,2027-03-25,HR,101
5363,Employee_640,Clerk,2027-04-01,Finance,102
2077,Employee_641,Manager,2027-04-08,Finance,103
9427,Employee_642,Analyst,2027-04-15,Sales,102
9580,Employee_643,Analyst,2027-04-22,IT,102
8901,Employee_644,Technician,2027-04-29,IT,104
5858,Employee_645,Manager,2027-05-06,Operations,102
7544,Employee_646,Consultant,2027-05-13,HR,101
5719,Employee_647,Clerk,2027-05-20,Finance,104
3814,Employee_648,Consultant,2027-05-27,Operations,102
4374,Employee_649,Analyst,2027-06-03,Operations,104
2252,Employee_650,Consultant,2027-06-10,Finance,101
7996,Employee_651,Analyst,2027-06-17,IT,101
5673,Employee_652,Analyst,2027-06-24,HR,102
5530,Employee_653,Analyst,2027-07-01,IT,104
7881,Employee_654,Analyst,2027-07-08,Operations,102
7949,Employee_655,Analyst,2027-07-15,HR,102
7241,Employee_656,Technician,2027-07-22,Sales,104
9017,Employee_657,Consultant,2027-07-29,Operations,102
7941,Employee_658,Technician,2027-08-05,IT,101
8002,Employee_659,Technician,2027-08-12,IT,104
2331,Employee_660,Manager,2027-08-19,IT,104
5261,Employee_661,Manager,2027-08-26,Finance,104
8648,Employee_662,Manager,2027-09-02,Operations,104
6115,Employee_663,Clerk,2027-09-09,HR,102
5637,Employee_664,Manager,2027-09-16,IT,102
5854,Employee_665,Consultant,2027-09-23,IT,101
4177,Employee_666,Technician,2027-09-30,Finance,103
8730,Employee_667,Consultant,2027-10-07,HR,103
3180,Employee_668,Manager,2027-10-14,Operations,101
5892,Employee_669,Clerk,2027-10-21,Sales,103
8043,Employee_670,Clerk,2027-10-28,Finance,101
1137,Employee_671,Technician,2027-11-04,Operations,102
7327,Employee_672,Consultant,2027-11-11,Sales,104
4472,Employee_673,Analyst,2027-11-18,IT,104
6449,Employee_674,Consultant,2027-11-25,IT,102
3832,Employee_675,Manager,2027-12-02,HR,104
4579,Employee_676,Analyst,2027-12-09,Sales,104
6971,Employee_677,Clerk,2027-12-16,IT,103
5164,Employee_678,Technician,2027-12-23,IT,102
8941,Employee_679,Technician,2027-12-30,HR,103
6569,Employee_680,Clerk,2028-01-06,Operations,103
5300,Employee_681,Manager,2028-01-13,IT,104
7269,Employee_682,Clerk,2028-01-20,Finance,104
4818,Employee_683,Manager,2028-01-27,Finance,102
2906,Employee_684,Analyst,2028-02-03,Operations,104
7254,Employee_685,Clerk,2028-02-10,Sales,104
1760,Employee_686,Manager,2028-02-17,HR,102
8830,Employee_687,Analyst,2028-02-24,Finance,104
8350,Employee_688,Clerk,2028-03-02,Finance,103
7238,Employee_689,Technician,2028-03-09,Operations,102
7090,Employee_690,Clerk,2028-03-16,Sales,104
7031,Employee_691,Consultant,2028-03-23,Sales,101
8687,Employee_692,Clerk,2028-03-30,Operations,102
9472,Employee_693,Consultant,2028-04-06,Finance,102
2887,Employee_694,Analyst,2028-04-13,HR,101
4266,Employee_695,Clerk,2028-04-20,Finance,104
1666,Employee_696,Analyst,2028-04-27,Sales,104
5188,Employee_697,Analyst,2028-05-04,Finance,102
1671,Employee_698,Manager,2028-05-11,HR,102
7777,Employee_699,Analyst,2028-05-18,IT,104
8570,Employee_700,Analyst,2028-05-25,Finance,104
8956,Employee_701,Clerk,2028-06-01,Operations,103
6124,Employee_702,Clerk,2028-06-08,IT,102
6585,Employee_703,Technician,2028-06-15,Operations,102
5777,Employee_704,Manager,2028-06-22,Operations,101
4900,Employee_705,Analyst,2028-06-29,Operations,103
7677,Employee_706,Manager,2028-07-06,Finance,104
7981,Employee_707,Consultant,2028-07-13,Sales,103
7376,Employee_708,Analyst,2028-07-20,IT,104
1523,Employee_709,Manager,2028-07-27,HR,104
3393,Employee_710,Technician,2028-08-03,Sales,103
3593,Employee_711,Technician,2028-08-10,Finance,102
8240,Employee_712,Analyst,2028-08-17,Operations,104
7937,Employee_713,Consultant,2028-08-24,HR,103
7190,Employee_714,Technician,2028-08-31,IT,101
6240,Employee_715,Technician,2028-09-07,Sales,103
7493,Employee_716,Consultant,2028-09-14,Sales,101
3878,Employee_717,Manager,2028-09-21,HR,104
5143,Employee_718,Technician,2028-09-28,Finance,103
4644,Employee_719,Clerk,2028-10-05,IT,103
5432,Employee_720,Technician,2028-10-12,HR,101
2276,Employee_721,Manager,2028-10-19,Operations,103
6811,Employee_722,Manager,2028-10-26,IT,103
1302,Employee_723,Analyst,2028-11-02,Sales,104
1638,Employee_724,Clerk,2028-11-09,HR,103
1055,Employee_725,Manager,2028-11-16,Sales,102
9717,Employee_726,Consultant,2028-11-23,Sales,101
9150,Employee_727,Clerk,2028-11-30,Sales,103
3125,Employee_728,Clerk,2028-12-07,Finance,101
1364,Employee_729,Consultant,2028-12-14,Sales,101
7809,Employee_730,Technician,2028-12-21,Operations,101
5621,Employee_731,Consultant,2028-12-28,Operations,103
6126,Employee_732,Consultant,2029-01-04,IT,103
6122,Employee_733,Technician,2029-01-11,Sales,101
2646,Employee_734,Technician,2029-01-18,Sales,102
1918,Employee_735,Technician,2029-01-25,HR,101
3797,Employee_736,Technician,2029-02-01,Finance,102
7506,Employee_737,Technician,2029-02-08,IT,101
6870,Employee_738,Consultant,2029-02-15,Sales,104
2531,Employee_739,Analyst,2029-02-22,HR,101
9172,Employee_740,Analyst,2029-03-01,Finance,101
4345,Employee_741,Manager,2029-03-08,IT,103
8673,Employee_742,Analyst,2029-03-15,IT,102
7949,Employee_743,Analyst,2029-03-22,Sales,104
7882,Employee_744,Consultant,2029-03-29,IT,102
2906,Employee_745,Technician,2029-04-05,HR,104
4086,Employee_746,Technician,2029-04-12,IT,101
9152,Employee_747,Consultant,2029-04-19,Operations,103
6750,Employee_748,Analyst,2029-04-26,HR,103
9905,Employee_749,Consultant,2029-05-03,Finance,102
2062,Employee_750,Manager,2029-05-10,Finance,103
2976,Employee_751,Technician,2029-05-17,Sales,102
2296,Employee_752,Clerk,2029-05-24,Sales,102
7229,Employee_753,Manager,2029-05-31,Operations,104
8641,Employee_754,Manager,2029-06-07,Finance,102
1125,Employee_755,Consultant,2029-06-14,Finance,104
5632,Employee_756,Analyst,2029-06-21,Finance,103
7288,Employee_757,Technician,2029-06-28,Finance,102
4596,Employee_758,Clerk,2029-07-05,IT,102
7168,Employee_759,Manager,2029-07-12,HR,101
8561,Employee_760,Clerk,2029-07-19,HR,102
9258,Employee_761,Analyst,2029-07-26,Operations,102
1232,Employee_762,Analyst,2029-08-02,IT,101
7371,Employee_763,Clerk,2029-08-09,Finance,101
5206,Employee_764,Technician,2029-08-16,Finance,103
8943,Employee_765,Analyst,2029-08-23,Sales,102
7891,Employee_766,Clerk,2029-08-30,Sales,103
7738,Employee_767,Manager,2029-09-06,Operations,103
3472,Employee_768,Clerk,2029-09-13,Finance,101
3739,Employee_769,Clerk,2029-09-20,Operations,104
6401,Employee_770,Consultant,2029-09-27,IT,103
2761,Employee_771,Analyst,2029-10-04,HR,104
1876,Employee_772,Technician,2029-10-11,Finance,102
4812,Employee_773,Technician,2029-10-18,IT,101
2460,Employee_774,Consultant,2029-10-25,Finance,102
2733,Employee_775,Technician,2029-11-01,Sales,102
2605,Employee_776,Clerk,2029-11-08,Operations,101
6622,Employee_777,Consultant,2029-11-15,Sales,102
7767,Employee_778,Manager,2029-11-22,HR,101
7986,Employee_779,Analyst,2029-11-29,Sales,104
4517,Employee_780,Analyst,2029-12-06,Finance,102
4735,Employee_781,Analyst,2029-12-13,Sales,101
9434,Employee_782,Clerk,2029-12-20,Finance,103
3590,Employee_783,Manager,2029-12-27,HR,102
2063,Employee_784,Consultant,2030-01-03,Sales,104
5324,Employee_785,Consultant,2030-01-10,Operations,101
6342,Employee_786,Analyst,2030-01-17,Operations,102
1005,Employee_787,Manager,2030-01-24,Operations,102
8489,Employee_788,Manager,2030-01-31,Sales,102
9659,Employee_789,Manager,2030-02-07,Sales,104
9195,Employee_790,Technician,2030-02-14,Sales,101
6966,Employee_791,Technician,2030-02-21,Finance,103
9837,Employee_792,Analyst,2030-02-28,HR,103
1117,Employee_793,Manager,2030-03-07,Operations,103
3551,Employee_794,Manager,2030-03-14,Finance,101
6560,Employee_795,Consultant,2030-03-21,Operations,103
5289,Employee_796,Consultant,2030-03-28,Finance,104
1846,Employee_797,Analyst,2030-04-04,Sales,101
7316,Employee_798,Manager,2030-04-11,Operations,102
7469,Employee_799,Analyst,2030-04-18,Sales,104
9915,Employee_800,Consultant,2030-04-25,Operations,102
1224,Employee_801,Consultant,2030-05-02,IT,103
5208,Employee_802,Technician,2030-05-09,Finance,104
7283,Employee_803,Analyst,2030-05-16,IT,101
3048,Employee_804,Analyst,2030-05-23,Finance,104
7233,Employee_805,Manager,2030-05-30,HR,102
2828,Employee_806,Manager,2030-06-06,Operations,101
2917,Employee_807,Technician,2030-06-13,HR,104
5234,Employee_808,Clerk,2030-06-20,HR,104
7988,Employee_809,Clerk,2030-06-27,Finance,104
3026,Employee_810,Clerk,2030-07-04,IT,104
4744,Employee_811,Analyst,2030-07-11,Sales,101
1009,Employee_812,Analyst,2030-07-18,Finance,102
1260,Employee_813,Consultant,2030-07-25,Sales,104
7038,Employee_814,Analyst,2030-08-01,HR,101
3219,Employee_815,Analyst,2030-08-08,Sales,102
8041,Employee_816,Analyst,2030-08-15,IT,104
3060,Employee_817,Technician,2030-08-22,Finance,102
6287,Employee_818,Analyst,2030-08-29,IT,102
2619,Employee_819,Manager,2030-09-05,IT,101
9512,Employee_820,Manager,2030-09-12,Finance,102
2342,Employee_821,Consultant,2030-09-19,IT,101
3832,Employee_822,Technician,2030-09-26,Operations,104
3824,Employee_823,Manager,2030-10-03,Operations,102
2994,Employee_824,Technician,2030-10-10,Operations,102
4490,Employee_825,Technician,2030-10-17,Sales,103
8984,Employee_826,Consultant,2030-10-24,IT,104
2604,Employee_827,Technician,2030-10-31,Finance,104
1235,Employee_828,Analyst,2030-11-07,Finance,103
2908,Employee_829,Technician,2030-11-14,Sales,103
9567,Employee_830,Consultant,2030-11-21,Finance,101
4530,Employee_831,Consultant,2030-11-28,Operations,101
6256,Employee_832,Consultant,2030-12-05,IT,102
3635,Employee_833,Manager,2030-12-12,Finance,102
9162,Employee_834,Analyst,2030-12-19,Finance,102
3560,Employee_835,Manager,2030-12-26,HR,102
6415,Employee_836,Clerk,2031-01-02,HR,101
4391,Employee_837,Analyst,2031-01-09,HR,104
6951,Employee_838,Technician,2031-01-16,IT,102
6468,Employee_839,Consultant,2031-01-23,Operations,104
9007,Employee_840,Clerk,2031-01-30,Operations,102
7413,Employee_841,Analyst,2031-02-06,Operations,103
7941,Employee_842,Manager,2031-02-13,IT,102
5820,Employee_843,Consultant,2031-02-20,IT,102
3898,Employee_844,Manager,2031-02-27,HR,102
8546,Employee_845,Analyst,2031-03-06,Finance,101
1077,Employee_846,Analyst,2031-03-13,Sales,103
8577,Employee_847,Clerk,2031-03-20,Sales,102
5227,Employee_848,Technician,2031-03-27,Finance,102
1600,Employee_849,Manager,2031-04-03,HR,104
2065,Employee_850,Clerk,2031-04-10,Finance,103
3136,Employee_851,Consultant,2031-04-17,Finance,102
7943,Employee_852,Technician,2031-04-24,Sales,104
8804,Employee_853,Clerk,2031-05-01,HR,104
7565,Employee_854,Manager,2031-05-08,IT,101
6984,Employee_855,Analyst,2031-05-15,Sales,104
6142,Employee_856,Consultant,2031-05-22,IT,102
5670,Employee_857,Manager,2031-05-29,HR,101
3190,Employee_858,Technician,2031-06-05,Finance,101
3712,Employee_859,Technician,2031-06-12,Operations,102
3192,Employee_860,Analyst,2031-06-19,Operations,103
2248,Employee_861,Analyst,2031-06-26,HR,104
5033,Employee_862,Consultant,2031-07-03,Operations,101
2997,Employee_863,Consultant,2031-07-10,IT,103
4687,Employee_864,Analyst,2031-07-17,Operations,102
5018,Employee_865,Analyst,2031-07-24,HR,104
2970,Employee_866,Technician,2031-07-31,HR,104
9389,Employee_867,Analyst,2031-08-07,IT,101
6765,Employee_868,Clerk,2031-08-14,Operations,104
2202,Employee_869,Manager,2031-08-21,Operations,104
9135,Employee_870,Analyst,2031-08-28,Finance,104
6567,Employee_871,Consultant,2031-09-04,Sales,104
8667,Employee_872,Clerk,2031-09-11,HR,102
6742,Employee_873,Consultant,2031-09-18,Finance,103
6788,Employee_874,Clerk,2031-09-25,HR,102
6408,Employee_875,Analyst,2031-10-02,Finance,102
9669,Employee_876,Manager,2031-10-09,Sales,101
1922,Employee_877,Consultant,2031-10-16,Finance,104
1419,Employee_878,Clerk,2031-10-23,HR,102
3204,Employee_879,Technician,2031-10-30,Operations,104
2120,Employee_880,Analyst,2031-11-06,HR,102
1950,Employee_881,Manager,2031-11-13,IT,102
3336,Employee_882,Analyst,2031-11-20,IT,101
6373,Employee_883,Technician,2031-11-27,IT,103
3243,Employee_884,Manager,2031-12-04,IT,103
3645,Employee_885,Technician,2031-12-11,Sales,102
5612,Employee_886,Analyst,2031-12-18,Operations,101
2865,Employee_887,Clerk,2031-12-25,Operations,104
7028,Employee_888,Analyst,2032-01-01,HR,104
8326,Employee_889,Analyst,2032-01-08,Finance,102
7371,Employee_890,Analyst,2032-01-15,HR,103
7359,Employee_891,Consultant,2032-01-22,HR,101
8863,Employee_892,Technician,2032-01-29,HR,103
4228,Employee_893,Technician,2032-02-05,HR,104
4719,Employee_894,Technician,2032-02-12,Operations,103
3371,Employee_895,Consultant,2032-02-19,Finance,104
3891,Employee_896,Clerk,2032-02-26,HR,101
4756,Employee_897,Analyst,2032-03-04,Operations,101
5225,Employee_898,Clerk,2032-03-11,HR,102
1094,Employee_899,Consultant,2032-03-18,IT,102
3674,Employee_900,Technician,2032-03-25,HR,103
7898,Employee_901,Analyst,2032-04-01,HR,101
1793,Employee_902,Manager,2032-04-08,Sales,101
3116,Employee_903,Manager,2032-04-15,IT,102
6779,Employee_904,Clerk,2032-04-22,Finance,104
7166,Employee_905,Technician,2032-04-29,HR,103
1814,Employee_906,Manager,2032-05-06,Finance,103
1345,Employee_907,Clerk,2032-05-13,IT,102
9554,Employee_908,Consultant,2032-05-20,HR,101
3443,Employee_909,Clerk,2032-05-27,Sales,102
8783,Employee_910,Clerk,2032-06-03,Operations,102
1984,Employee_911,Clerk,2032-06-10,Sales,102
8790,Employee_912,Analyst,2032-06-17,Sales,102
1827,Employee_913,Clerk,2032-06-24,Operations,104
4531,Employee_914,Clerk,2032-07-01,Operations,104
8147,Employee_915,Analyst,2032-07-08,Operations,101
5451,Employee_916,Analyst,2032-07-15,HR,102
4876,Employee_917,Consultant,2032-07-22,Finance,104
6959,Employee_918,Technician,2032-07-29,Finance,101
1126,Employee_919,Manager,2032-08-05,Operations,102
4177,Employee_920,Manager,2032-08-12,Sales,103
9795,Employee_921,Clerk,2032-08-19,IT,104
7024,Employee_922,Consultant,2032-08-26,Operations,101
6109,Employee_923,Clerk,2032-09-02,Sales,103
5146,Employee_924,Manager,2032-09-09,Sales,102
8196,Employee_925,Analyst,2032-09-16,HR,102
4368,Employee_926,Technician,2032-09-23,HR,102
4797,Employee_927,Consultant,2032-09-30,Finance,104
2792,Employee_928,Analyst,2032-10-07,Finance,101
6732,Employee_929,Technician,2032-10-14,IT,103
4476,Employee_930,Consultant,2032-10-21,IT,101
4417,Employee_931,Consultant,2032-10-28,IT,104
2645,Employee_932,Manager,2032-11-04,IT,101
4030,Employee_933,Analyst,2032-11-11,Sales,104
3872,Employee_934,Consultant,2032-11-18,Sales,102
4072,Employee_935,Consultant,2032-11-25,Finance,103
2854,Employee_936,Technician,2032-12-02,HR,102
5021,Employee_937,Manager,2032-12-09,HR,101
5662,Employee_938,Clerk,2032-12-16,Operations,102
7514,Employee_939,Manager,2032-12-23,Sales,103
6031,Employee_940,Clerk,2032-12-30,IT,102
3708,Employee_941,Analyst,2033-01-06,IT,103
8112,Employee_942,Analyst,2033-01-13,Operations,103
9393,Employee_943,Consultant,2033-01-20,HR,102
4507,Employee_944,Analyst,2033-01-27,IT,104
7456,Employee_945,Consultant,2033-02-03,HR,101
5212,Employee_946,Manager,2033-02-10,Operations,104
8970,Employee_947,Analyst,2033-02-17,HR,104
9766,Employee_948,Manager,2033-02-24,HR,102
1536,Employee_949,Manager,2033-03-03,HR,101
2625,Employee_950,Analyst,2033-03-10,IT,101
8973,Employee_951,Manager,2033-03-17,Finance,104
9577,Employee_952,Analyst,2033-03-24,Sales,102
9070,Employee_953,Analyst,2033-03-31,HR,101
9666,Employee_954,Analyst,2033-04-07,HR,104
9609,Employee_955,Clerk,2033-04-14,HR,101
7490,Employee_956,Manager,2033-04-21,Finance,102
4600,Employee_957,Technician,2033-04-28,Operations,102
7783,Employee_958,Analyst,2033-05-05,IT,102
5971,Employee_959,Manager,2033-05-12,Finance,101
2205,Employee_960,Consultant,2033-05-19,HR,103
2990,Employee_961,Analyst,2033-05-26,Finance,101
6299,Employee_962,Analyst,2033-06-02,Finance,103
4572,Employee_963,Technician,2033-06-09,Finance,102
6975,Employee_964,Clerk,2033-06-16,Operations,104
7320,Employee_965,Clerk,2033-06-23,Sales,103
5380,Employee_966,Analyst,2033-06-30,IT,102
5757,Employee_967,Manager,2033-07-07,Operations,102
3713,Employee_968,Consultant,2033-07-14,Operations,103
6588,Employee_969,Consultant,2033-07-21,Sales,104
1966,Employee_970,Manager,2033-07-28,Operations,102
5944,Employee_971,Analyst,2033-08-04,Finance,103
4432,Employee_972,Consultant,2033-08-11,Finance,104
1688,Employee_973,Clerk,2033-08-18,HR,104
5243,Employee_974,Manager,2033-08-25,Operations,102
4701,Employee_975,Technician,2033-09-01,HR,101
9533,Employee_976,Analyst,2033-09-08,IT,101
6182,Employee_977,Manager,2033-09-15,Finance,102
7704,Employee_978,Consultant,2033-09-22,IT,104
5422,Employee_979,Analyst,2033-09-29,Sales,102
2759,Employee_980,Clerk,2033-10-06,Finance,103
3482,Employee_981,Analyst,2033-10-13,IT,101
9058,Employee_982,Analyst,2033-10-20,Sales,103
1951,Employee_983,Clerk,2033-10-27,IT,102
9914,Employee_984,Clerk,2033-11-03,Sales,102
3079,Employee_985,Analyst,2033-11-10,Sales,104
3717,Employee_986,Clerk,2033-11-17,Finance,104
5524,Employee_987,Manager,2033-11-24,HR,104
9477,Employee_988,Clerk,2033-12-01,Sales,103
8311,Employee_989,Clerk,2033-12-08,Sales,104
8186,Employee_990,Analyst,2033-12-15,Finance,102
3065,Employee_991,Manager,2033-12-22,HR,104
1768,Employee_992,Technician,2033-12-29,Operations,101
6490,Employee_993,Technician,2034-01-05,Operations,104
7645,Employee_994,Consultant,2034-01-12,HR,103
6083,Employee_995,Clerk,2034-01-19,IT,101
6232,Employee_996,Clerk,2034-01-26,Finance,101
6797,Employee_997,Manager,2034-02-02,HR,101
5926,Employee_998,Technician,2034-02-09,Operations,103
7016,Employee_999,Consultant,2034-02-16,Sales,102
4335,Employee_1000,Manager,2034-02-23,Operations,104
